{
	"id": "c2ec275e-0a92-427d-9d0d-ae2351627f0d",
	"name": "DA4ACAD",
	"values": [
		{
			"key": "client_id",
			"value": "",
			"enabled": true
		},
		{
			"key": "client_secret",
			"value": "",
			"enabled": true
		},
		{
			"key": "dasNickName",
			"value": "",
			"enabled": true
		},
		{
			"key": "dasAppBundleName",
			"value": "",
			"enabled": true
		},
		{
			"key": "dasActivityName",
			"value": "",
			"enabled": true
		},
		{
			"key": "ossBucketKey",
			"value": "",
			"enabled": true
		},
		{
			"key": "ossDwgFileObjectKey",
			"value": "",
			"enabled": true
		},
		{
			"key": "ossOutputFileObjectKey",
			"value": "",
			"enabled": true
		}
	],
	"_postman_variable_scope": "environment",
	"_postman_exported_at": "2023-10-06T06:28:52.229Z",
	"_postman_exported_using": "Postman/10.18.2"
}