{
	"info": {
		"_postman_id": "1fbecca4-fdaf-43e2-823d-18b02d1f5bc2",
		"name": "Model Derivative",
		"schema": "https://schema.getpostman.com/json/collection/v2.1.0/collection.json",
		"_exporter_id": "3021021"
	},
	"item": [
		{
			"name": "Extract Metadata from a Source File",
			"item": [
				{
					"name": "Task 1 - Obtain an Access Token",
					"item": [
						{
							"name": "Get an Access Token",
							"event": [
								{
									"listen": "prerequest",
									"script": {
										"exec": [
											"const clientId =  pm.environment.get(\"client_id\");",
											"const clientSecret =  pm.environment.get(\"client_secret\");",
											"var clientAuthKeys =  btoa(clientId +\":\"+clientSecret);",
											"pm.collectionVariables.set(\"client_auth_keys\", clientAuthKeys);"
										],
										"type": "text/javascript",
										"packages": {}
									}
								},
								{
									"listen": "test",
									"script": {
										"exec": [
											"var body = pm.response.json();",
											"pm.environment.set(\"access_token\", body.access_token);"
										],
										"type": "text/javascript",
										"packages": {}
									}
								}
							],
							"request": {
								"method": "POST",
								"header": [
									{
										"key": "Content-Type",
										"value": "application/x-www-form-urlencoded"
									},
									{
										"key": "Accept",
										"value": "application/json"
									},
									{
										"key": "Authorization",
										"value": "Basic {{client_auth_keys}}"
									}
								],
								"body": {
									"mode": "urlencoded",
									"urlencoded": [
										{
											"key": "grant_type",
											"value": "client_credentials",
											"type": "text"
										},
										{
											"key": "scope",
											"value": "code:all data:write data:read bucket:create bucket:delete bucket:read",
											"type": "text"
										}
									]
								},
								"url": {
									"raw": "https://developer.api.autodesk.com/authentication/v2/token",
									"protocol": "https",
									"host": [
										"developer",
										"api",
										"autodesk",
										"com"
									],
									"path": [
										"authentication",
										"v2",
										"token"
									]
								}
							},
							"response": []
						}
					],
					"event": [
						{
							"listen": "prerequest",
							"script": {
								"type": "text/javascript",
								"exec": [
									""
								]
							}
						},
						{
							"listen": "test",
							"script": {
								"type": "text/javascript",
								"exec": [
									""
								]
							}
						}
					]
				},
				{
					"name": "Task 2 - Upload Source File to OSS",
					"item": [
						{
							"name": "Create a Bucket",
							"event": [
								{
									"listen": "test",
									"script": {
										"exec": [
											"if (pm.response.code==200){",
											"    var body = pm.response.json();",
											"    pm.environment.set(\"ossBucketKey\", body.bucketKey);",
											"}"
										],
										"type": "text/javascript",
										"packages": {}
									}
								}
							],
							"request": {
								"method": "POST",
								"header": [
									{
										"key": "Content-Type",
										"value": "application/json"
									},
									{
										"key": "Authorization",
										"value": "Bearer {{access_token}}"
									},
									{
										"key": "x-ads-region",
										"value": "US"
									}
								],
								"body": {
									"mode": "raw",
									"raw": "{\n\t\"bucketKey\": \"{{ossBucketKey}}\",\n\t\"access\": \"full\",\n\t\"policyKey\": \"transient\"\n}\n"
								},
								"url": {
									"raw": "{{host}}/oss/v2/buckets",
									"host": [
										"{{host}}"
									],
									"path": [
										"oss",
										"v2",
										"buckets"
									]
								},
								"description": "[See documentation](https://aps.autodesk.com/en/docs/data/v2/reference/http/buckets-POST/)"
							},
							"response": []
						},
						{
							"name": "Obtain Signed URL",
							"event": [
								{
									"listen": "test",
									"script": {
										"exec": [
											"var body = JSON.parse(responseBody);",
											"pm.environment.set(\"UploadKey\", body.uploadKey);",
											"pm.environment.set(\"ContentUploadSignedURL\", body.urls[0]);"
										],
										"type": "text/javascript"
									}
								}
							],
							"request": {
								"method": "GET",
								"header": [
									{
										"key": "Authorization",
										"value": "Bearer {{access_token}}"
									}
								],
								"url": {
									"raw": "https://developer.api.autodesk.com/oss/v2/buckets/{{ossBucketKey}}/objects/{{ossSourceFileObjectKey}}/signeds3upload?minutesExpiration=5",
									"protocol": "https",
									"host": [
										"developer",
										"api",
										"autodesk",
										"com"
									],
									"path": [
										"oss",
										"v2",
										"buckets",
										"{{ossBucketKey}}",
										"objects",
										"{{ossSourceFileObjectKey}}",
										"signeds3upload"
									],
									"query": [
										{
											"key": "minutesExpiration",
											"value": "5"
										}
									]
								}
							},
							"response": []
						},
						{
							"name": "Upload the File",
							"event": [
								{
									"listen": "test",
									"script": {
										"exec": [
											""
										],
										"type": "text/javascript"
									}
								}
							],
							"request": {
								"method": "PUT",
								"header": [],
								"body": {
									"mode": "file",
									"file": {
										"src": ""
									}
								},
								"url": {
									"raw": "{{ContentUploadSignedURL}}",
									"host": [
										"{{ContentUploadSignedURL}}"
									]
								}
							},
							"response": []
						},
						{
							"name": "Finalize Upload",
							"event": [
								{
									"listen": "test",
									"script": {
										"exec": [
											"var body = JSON.parse(responseBody);",
											"pm.environment.set(\"t5_ossSourceFileObjectKey\", body[\"objectKey\"]);",
											"pm.environment.set(\"t5_ossSourceFileURN\", body[\"objectId\"]);",
											"var encoded_urn=btoa(body[\"objectId\"]);",
											"pm.environment.set(\"t5_ossEncodedSourceFileURN\", encoded_urn);"
										],
										"type": "text/javascript"
									}
								}
							],
							"request": {
								"method": "POST",
								"header": [
									{
										"key": "Authorization",
										"value": "Bearer {{access_token}}"
									},
									{
										"key": "Content-Type",
										"value": "application/json"
									}
								],
								"body": {
									"mode": "raw",
									"raw": "{\n    \"uploadKey\":\"{{UploadKey}}\"\n}"
								},
								"url": {
									"raw": "https://developer.api.autodesk.com/oss/v2/buckets/{{ossBucketKey}}/objects/{{ossSourceFileObjectKey}}/signeds3upload",
									"protocol": "https",
									"host": [
										"developer",
										"api",
										"autodesk",
										"com"
									],
									"path": [
										"oss",
										"v2",
										"buckets",
										"{{ossBucketKey}}",
										"objects",
										"{{ossSourceFileObjectKey}}",
										"signeds3upload"
									]
								}
							},
							"response": []
						}
					],
					"event": [
						{
							"listen": "prerequest",
							"script": {
								"type": "text/javascript",
								"exec": [
									""
								]
							}
						},
						{
							"listen": "test",
							"script": {
								"type": "text/javascript",
								"exec": [
									""
								]
							}
						}
					]
				},
				{
					"name": "Task 3 - Translate to SVF2",
					"item": [
						{
							"name": "Start a translation Job",
							"event": [
								{
									"listen": "test",
									"script": {
										"exec": [
											"var body = JSON.parse(responseBody);",
											"pm.environment.set(\"t5_url_safe_urn_of_source\", body[\"urn\"]);"
										],
										"type": "text/javascript",
										"packages": {}
									}
								}
							],
							"request": {
								"method": "POST",
								"header": [
									{
										"key": "Content-Type",
										"value": "application/json"
									},
									{
										"key": "Authorization",
										"value": "Bearer {{access_token}}"
									},
									{
										"key": "x-ads-force",
										"value": "true"
									}
								],
								"body": {
									"mode": "raw",
									"raw": "{\n    \"input\": {\n        \"urn\": \"{{t5_ossEncodedSourceFileURN}}\"\n    },\n    \"output\": {\n        \"destination\": {\n            \"region\": \"us\"\n        },\n        \"formats\": [\n            {\n                \"type\": \"svf2\",\n                \"views\": [\n                    \"2d\",\n                    \"3d\"\n                ]\n            }\n        ]\n    }\n}",
									"options": {
										"raw": {
											"language": "json"
										}
									}
								},
								"url": {
									"raw": "{{host}}/modelderivative/v2/designdata/job",
									"host": [
										"{{host}}"
									],
									"path": [
										"modelderivative",
										"v2",
										"designdata",
										"job"
									]
								},
								"description": "[See documentation](https://aps.autodesk.com/en/docs/model-derivative/v2/reference/http/job-POST/)"
							},
							"response": []
						},
						{
							"name": "Check Status of Job",
							"event": [
								{
									"listen": "test",
									"script": {
										"exec": [
											""
										],
										"type": "text/javascript"
									}
								}
							],
							"request": {
								"method": "GET",
								"header": [
									{
										"key": "Authorization",
										"value": "Bearer {{access_token}}"
									}
								],
								"url": {
									"raw": "{{host}}/modelderivative/v2/designdata/{{t5_url_safe_urn_of_source}}/manifest",
									"host": [
										"{{host}}"
									],
									"path": [
										"modelderivative",
										"v2",
										"designdata",
										"{{t5_url_safe_urn_of_source}}",
										"manifest"
									]
								},
								"description": "[See documentation](https://aps.autodesk.com/en/docs/model-derivative/v2/reference/http/urn-manifest-DELETE/)"
							},
							"response": []
						}
					],
					"event": [
						{
							"listen": "prerequest",
							"script": {
								"type": "text/javascript",
								"exec": [
									""
								]
							}
						},
						{
							"listen": "test",
							"script": {
								"type": "text/javascript",
								"exec": [
									""
								]
							}
						}
					]
				},
				{
					"name": "Task 4 - Retrieve Metadata",
					"item": [
						{
							"name": "Retrieve a List of Viewables",
							"event": [
								{
									"listen": "test",
									"script": {
										"exec": [
											"var body = JSON.parse(responseBody);",
											"var meta_data = body[\"data\"][\"metadata\"];",
											"",
											"",
											"let envariable = \"\";",
											"for (var i = 0; i < meta_data.length; i++) {",
											"    let temp_guid = meta_data[i][\"guid\"];",
											"",
											"    envariable = 'dv_guid_' + i;",
											"    postman.setEnvironmentVariable(envariable, temp_guid)",
											"}"
										],
										"type": "text/javascript"
									}
								}
							],
							"request": {
								"method": "GET",
								"header": [
									{
										"key": "Authorization",
										"value": "Bearer {{access_token}}"
									}
								],
								"url": {
									"raw": "{{host}}/modelderivative/v2/designdata/{{t5_url_safe_urn_of_source}}/metadata",
									"host": [
										"{{host}}"
									],
									"path": [
										"modelderivative",
										"v2",
										"designdata",
										"{{t5_url_safe_urn_of_source}}",
										"metadata"
									]
								},
								"description": "[See documentation](https://aps.autodesk.com/en/docs/model-derivative/v2/reference/http/urn-metadata-GET/)"
							},
							"response": []
						},
						{
							"name": "Get Object Hierarchy",
							"event": [
								{
									"listen": "test",
									"script": {
										"exec": [
											""
										],
										"type": "text/javascript"
									}
								}
							],
							"request": {
								"method": "GET",
								"header": [
									{
										"key": "Authorization",
										"value": "Bearer {{access_token}}"
									}
								],
								"url": {
									"raw": "{{host}}/modelderivative/v2/designdata/{{t5_url_safe_urn_of_source}}/metadata/{{dv_guid_0}}",
									"host": [
										"{{host}}"
									],
									"path": [
										"modelderivative",
										"v2",
										"designdata",
										"{{t5_url_safe_urn_of_source}}",
										"metadata",
										"{{dv_guid_0}}"
									]
								},
								"description": "[See documentation](https://aps.autodesk.com/en/docs/model-derivative/v2/reference/http/urn-metadata-GET/)"
							},
							"response": []
						},
						{
							"name": "Get Object Hierarchy (filtered)",
							"event": [
								{
									"listen": "test",
									"script": {
										"exec": [
											""
										],
										"type": "text/javascript"
									}
								}
							],
							"request": {
								"method": "GET",
								"header": [
									{
										"key": "Authorization",
										"value": "Bearer {{access_token}}"
									}
								],
								"url": {
									"raw": "{{host}}/modelderivative/v2/designdata/{{t5_url_safe_urn_of_source}}/metadata/{{dv_guid_0}}?objectid=2030",
									"host": [
										"{{host}}"
									],
									"path": [
										"modelderivative",
										"v2",
										"designdata",
										"{{t5_url_safe_urn_of_source}}",
										"metadata",
										"{{dv_guid_0}}"
									],
									"query": [
										{
											"key": "objectid",
											"value": "2030"
										}
									]
								},
								"description": "[See documentation](https://aps.autodesk.com/en/docs/model-derivative/v2/reference/http/urn-metadata-GET/)"
							},
							"response": []
						},
						{
							"name": "Retrieve Properties of All Objects in a  Viewable",
							"request": {
								"method": "GET",
								"header": [
									{
										"key": "Authorization",
										"value": "Bearer {{access_token}}"
									}
								],
								"url": {
									"raw": "{{host}}/modelderivative/v2/designdata/{{t5_url_safe_urn_of_source}}/metadata/{{dv_guid_0}}/properties",
									"host": [
										"{{host}}"
									],
									"path": [
										"modelderivative",
										"v2",
										"designdata",
										"{{t5_url_safe_urn_of_source}}",
										"metadata",
										"{{dv_guid_0}}",
										"properties"
									]
								},
								"description": "[See documentation](https://aps.autodesk.com/en/docs/model-derivative/v2/reference/http/urn-metadata-guid-properties-GET/)"
							},
							"response": []
						},
						{
							"name": "Retrieve Specific Properties of Specific Objects in a  Viewable",
							"request": {
								"method": "POST",
								"header": [
									{
										"key": "Authorization",
										"value": "Bearer {{access_token}}"
									}
								],
								"body": {
									"mode": "raw",
									"raw": "{\n    \"query\": {\n        \"$prefix\": [\n            \"name\",\n            \"Floor \"\n        ]\n    },\n    \"fields\": [\n        \"objectid\",\n        \"name\",\n        \"externalId\",\n        \"properties.Dimensions\"\n    ],\n    \"pagination\": {\n        \"offset\": 0,\n        \"limit\": 20\n    },\n    \"payload\": \"text\"\n}",
									"options": {
										"raw": {
											"language": "json"
										}
									}
								},
								"url": {
									"raw": "{{host}}/modelderivative/v2/designdata/{{t5_url_safe_urn_of_source}}/metadata/{{dv_guid_0}}/properties:query",
									"host": [
										"{{host}}"
									],
									"path": [
										"modelderivative",
										"v2",
										"designdata",
										"{{t5_url_safe_urn_of_source}}",
										"metadata",
										"{{dv_guid_0}}",
										"properties:query"
									]
								},
								"description": "[See documentation](https://aps.autodesk.com/en/docs/model-derivative/v2/reference/http/urn-metadata-guid-properties-query-POST/)"
							},
							"response": []
						}
					]
				}
			],
			"event": [
				{
					"listen": "prerequest",
					"script": {
						"type": "text/javascript",
						"exec": [
							""
						]
					}
				},
				{
					"listen": "test",
					"script": {
						"type": "text/javascript",
						"exec": [
							""
						]
					}
				}
			]
		},
		{
			"name": "Extras",
			"item": [
				{
					"name": "Get Bucket Details",
					"request": {
						"method": "GET",
						"header": [
							{
								"key": "Authorization",
								"value": "Bearer {{access_token}}"
							}
						],
						"url": {
							"raw": "https://developer.api.autodesk.com/oss/v2/buckets/{{ossBucketKey}}/details",
							"protocol": "https",
							"host": [
								"developer",
								"api",
								"autodesk",
								"com"
							],
							"path": [
								"oss",
								"v2",
								"buckets",
								"{{ossBucketKey}}",
								"details"
							]
						},
						"description": "[See documentation](https://aps.autodesk.com/en/docs/data/v2/reference/http/buckets-:bucketKey-details-GET/)"
					},
					"response": []
				},
				{
					"name": "List Objects in  Bucket",
					"request": {
						"method": "GET",
						"header": [
							{
								"key": "Authorization",
								"value": "Bearer {{access_token}}"
							}
						],
						"url": {
							"raw": "https://developer.api.autodesk.com/oss/v2/buckets/{{ossBucketKey}}/objects",
							"protocol": "https",
							"host": [
								"developer",
								"api",
								"autodesk",
								"com"
							],
							"path": [
								"oss",
								"v2",
								"buckets",
								"{{ossBucketKey}}",
								"objects"
							]
						},
						"description": "[See documentation](https://aps.autodesk.com/en/docs/data/v2/reference/http/buckets-:bucketKey-details-GET/)"
					},
					"response": []
				},
				{
					"name": "Delete Manifest",
					"event": [
						{
							"listen": "test",
							"script": {
								"exec": [
									""
								],
								"type": "text/javascript"
							}
						}
					],
					"request": {
						"method": "DELETE",
						"header": [
							{
								"key": "Authorization",
								"value": "Bearer {{access_token}}"
							}
						],
						"url": {
							"raw": "https://developer.api.autodesk.com/modelderivative/v2/designdata/{{t5_url_safe_urn_of_source}}/manifest",
							"protocol": "https",
							"host": [
								"developer",
								"api",
								"autodesk",
								"com"
							],
							"path": [
								"modelderivative",
								"v2",
								"designdata",
								"{{t5_url_safe_urn_of_source}}",
								"manifest"
							]
						},
						"description": "[See documentation](https://aps.autodesk.com/en/docs/model-derivative/v2/reference/http/urn-manifest-DELETE/)"
					},
					"response": []
				},
				{
					"name": "Delete OSS Bucket",
					"event": [
						{
							"listen": "test",
							"script": {
								"exec": [
									""
								],
								"type": "text/javascript"
							}
						}
					],
					"request": {
						"method": "DELETE",
						"header": [
							{
								"key": "Content-Type",
								"value": "application/json"
							},
							{
								"key": "Authorization",
								"value": "Bearer {{access_token}}"
							}
						],
						"body": {
							"mode": "raw",
							"raw": ""
						},
						"url": {
							"raw": "https://developer.api.autodesk.com/oss/v2/buckets/{{ossBucketKey}}",
							"protocol": "https",
							"host": [
								"developer",
								"api",
								"autodesk",
								"com"
							],
							"path": [
								"oss",
								"v2",
								"buckets",
								"{{ossBucketKey}}"
							]
						},
						"description": "[See documentation](https://aps.autodesk.com/en/docs/data/v2/reference/http/buckets-:bucketKey-DELETE/)"
					},
					"response": []
				},
				{
					"name": "Get Supported Formats",
					"request": {
						"method": "GET",
						"header": [
							{
								"key": "Authorization",
								"value": "Bearer {{access_token}}"
							}
						],
						"url": {
							"raw": "https://developer.api.autodesk.com/modelderivative/v2/designdata/formats",
							"protocol": "https",
							"host": [
								"developer",
								"api",
								"autodesk",
								"com"
							],
							"path": [
								"modelderivative",
								"v2",
								"designdata",
								"formats"
							]
						},
						"description": "[See documentation](https://aps.autodesk.com/en/docs/model-derivative/v2/reference/http/formats-GET/)"
					},
					"response": []
				},
				{
					"name": "Upload Revit File to OSS (Deprecated)",
					"event": [
						{
							"listen": "test",
							"script": {
								"exec": [
									"var body = JSON.parse(responseBody);",
									"pm.environment.set(\"t5_ossSourceFileObjectKey\", body[\"objectKey\"]);",
									"pm.environment.set(\"t5_ossSourceFileURN\", body[\"objectId\"]);",
									"var encoded_urn=btoa(body[\"objectId\"]);",
									"pm.environment.set(\"t5_ossEncodedSourceFileURN\", encoded_urn);"
								],
								"type": "text/javascript"
							}
						}
					],
					"request": {
						"method": "PUT",
						"header": [
							{
								"key": "Authorization",
								"value": "Bearer {{access_token}}"
							}
						],
						"body": {
							"mode": "file",
							"file": {
								"src": ""
							}
						},
						"url": {
							"raw": "{{host}}/oss/v2/buckets/{{ossBucketKey}}/objects/{{ossSourceFileObjectKey}}",
							"host": [
								"{{host}}"
							],
							"path": [
								"oss",
								"v2",
								"buckets",
								"{{ossBucketKey}}",
								"objects",
								"{{ossSourceFileObjectKey}}"
							]
						},
						"description": "[See documentation](https://aps.autodesk.com/en/docs/data/v2/reference/http/buckets-:bucketKey-objects-:objectName-PUT/)"
					},
					"response": []
				}
			]
		}
	]
}