{
	"info": {
		"_postman_id": "dad5d249-f329-4a2e-9438-88a9b2bb2f6d",
		"name": "Automating 3ds Max",
		"schema": "https://schema.getpostman.com/json/collection/v2.1.0/collection.json",
		"_exporter_id": "3021021"
	},
	"item": [
		{
			"name": "Task 1 - Obtain an Access Token",
			"item": [
				{
					"name": "Get an Access Token",
					"event": [
						{
							"listen": "prerequest",
							"script": {
								"exec": [
									"const clientId =  pm.environment.get(\"client_id\");",
									"const clientSecret =  pm.environment.get(\"client_secret\");",
									"var clientAuthKeys =  btoa(clientId +\":\"+clientSecret);",
									"pm.collectionVariables.set(\"client_auth_keys\", clientAuthKeys);"
								],
								"type": "text/javascript"
							}
						},
						{
							"listen": "test",
							"script": {
								"exec": [
									"var body = JSON.parse(responseBody);",
									"pm.collectionVariables.set(\"dasApiToken\", body.access_token);"
								],
								"type": "text/javascript"
							}
						}
					],
					"request": {
						"method": "POST",
						"header": [
							{
								"key": "Content-Type",
								"value": "application/x-www-form-urlencoded",
								"type": "text"
							},
							{
								"key": "Accept",
								"value": "application/json",
								"type": "text"
							},
							{
								"key": "Authorization",
								"value": "Basic {{client_auth_keys}}",
								"type": "text"
							}
						],
						"body": {
							"mode": "urlencoded",
							"urlencoded": [
								{
									"key": "grant_type",
									"value": "client_credentials",
									"type": "text"
								},
								{
									"key": "scope",
									"value": "code:all data:write data:read bucket:create bucket:delete bucket:read",
									"type": "text"
								}
							]
						},
						"url": {
							"raw": "https://developer.api.autodesk.com/authentication/v2/token",
							"protocol": "https",
							"host": [
								"developer",
								"api",
								"autodesk",
								"com"
							],
							"path": [
								"authentication",
								"v2",
								"token"
							]
						}
					},
					"response": []
				}
			]
		},
		{
			"name": "Task 2 - Create a Nickname",
			"item": [
				{
					"name": "Create Nickname",
					"request": {
						"auth": {
							"type": "noauth"
						},
						"method": "PATCH",
						"header": [
							{
								"key": "Authorization",
								"value": "Bearer {{dasApiToken}}",
								"type": "text"
							},
							{
								"key": "Content-Type",
								"value": "application/json",
								"type": "text"
							}
						],
						"body": {
							"mode": "raw",
							"raw": "{\n\t\"nickname\": \"{{dasNickName}}\"\n}"
						},
						"url": {
							"raw": "https://developer.api.autodesk.com/da/us-east/v3/forgeapps/me",
							"protocol": "https",
							"host": [
								"developer",
								"api",
								"autodesk",
								"com"
							],
							"path": [
								"da",
								"us-east",
								"v3",
								"forgeapps",
								"me"
							]
						},
						"description": "[See documentation](https://aps.autodesk.com/en/docs/design-automation/v3/reference/http/forgeapps-id-PATCH/)"
					},
					"response": []
				}
			]
		},
		{
			"name": "Task 3 - Publish an Activity",
			"item": [
				{
					"name": "Create a New Activity",
					"event": [
						{
							"listen": "test",
							"script": {
								"exec": [
									""
								],
								"type": "text/javascript"
							}
						}
					],
					"request": {
						"method": "POST",
						"header": [
							{
								"key": "Content-Type",
								"value": "application/json"
							},
							{
								"key": "Authorization",
								"value": "Bearer {{dasApiToken}}"
							}
						],
						"body": {
							"mode": "raw",
							"raw": "{\n\t\"id\": \"executeScript\",\n    \"commandLine\": \"\\\"$(engine.path)/3dsmaxbatch.exe\\\" -sceneFile \\\"$(args[InputMaxScene].path)\\\" \\\"$(args[MaxscriptToExecute].path)\\\" -v 5\",\n    \"description\": \"Execute a maxscript on a max file provided in a zip\",\n    \"appbundles\": [\n    \t],\n    \"engine\" : \"Autodesk.3dsMax+2023\",\n    \"parameters\": {\n    \t\"InputMaxScene\": {\n            \"zip\": false,\n            \"ondemand\": false,\n            \"verb\": \"get\",\n            \"description\": \"Input for providing the 3ds Max scene to be loaded before executing the script\",\n            \"required\": true,\n            \"localName\": \"workingFolder\"\n        },\n        \"MaxscriptToExecute\": {\n            \"zip\": false,\n            \"verb\": \"get\",\n            \"description\": \"The maxscript to run using 3dsmaxbatch.exe\",\n            \"ondemand\": false,\n            \"required\": true,\n            \"localName\": \"maxscriptToExecute.ms\"\n        },\n        \"OutputZip\": {\n            \"zip\": true,\n            \"ondemand\": false,\n            \"verb\": \"put\",\n            \"description\": \"Gather everything in the working folder inside a zip for output\",\n            \"required\": true,\n            \"localName\": \"workingFolder\"\n        }\n    }\n}"
						},
						"url": {
							"raw": "https://developer.api.autodesk.com/da/us-east/v3/activities",
							"protocol": "https",
							"host": [
								"developer",
								"api",
								"autodesk",
								"com"
							],
							"path": [
								"da",
								"us-east",
								"v3",
								"activities"
							]
						},
						"description": "[See documentation](https://aps.autodesk.com/en/docs/design-automation/v3/reference/http/activities-POST/)"
					},
					"response": []
				},
				{
					"name": "Create an Alias for the Activity",
					"request": {
						"method": "POST",
						"header": [
							{
								"key": "Content-Type",
								"value": "application/json"
							},
							{
								"key": "Authorization",
								"value": "Bearer {{dasApiToken}} "
							}
						],
						"body": {
							"mode": "raw",
							"raw": "{\r\n    \"id\": \"tutorial\",\r\n    \"version\": 1\r\n}"
						},
						"url": {
							"raw": "https://developer.api.autodesk.com/da/us-east/v3/activities/executeScript/aliases",
							"protocol": "https",
							"host": [
								"developer",
								"api",
								"autodesk",
								"com"
							],
							"path": [
								"da",
								"us-east",
								"v3",
								"activities",
								"executeScript",
								"aliases"
							]
						},
						"description": "[See documentation](https://aps.autodesk.com/en/docs/design-automation/v3/reference/http/appbundles-id-aliases-POST/)"
					},
					"response": []
				}
			]
		},
		{
			"name": "Task 4 - Prepare Cloud Storage",
			"item": [
				{
					"name": "Create a Bucket",
					"event": [
						{
							"listen": "test",
							"script": {
								"exec": [
									""
								],
								"type": "text/javascript"
							}
						}
					],
					"request": {
						"auth": {
							"type": "noauth"
						},
						"method": "POST",
						"header": [
							{
								"key": "Content-Type",
								"value": "application/json"
							},
							{
								"key": "Authorization",
								"value": "Bearer {{dasApiToken}}"
							}
						],
						"body": {
							"mode": "raw",
							"raw": "{\n\t\"bucketKey\": \"{{ossBucketKey}}\",\n\t\"access\": \"full\",\n\t\"policyKey\": \"transient\"\n}\n"
						},
						"url": {
							"raw": "https://developer.api.autodesk.com/oss/v2/buckets",
							"protocol": "https",
							"host": [
								"developer",
								"api",
								"autodesk",
								"com"
							],
							"path": [
								"oss",
								"v2",
								"buckets"
							]
						},
						"description": "[See documentation](https://aps.autodesk.com/en/docs/data/v2/reference/http/buckets-POST/)"
					},
					"response": []
				},
				{
					"name": "Obtain Signed URL to Upload the Input Zip File",
					"event": [
						{
							"listen": "test",
							"script": {
								"exec": [
									"var body = JSON.parse(responseBody);",
									"pm.collectionVariables.set(\"UploadKey\", body.uploadKey);",
									"pm.collectionVariables.set(\"ContentUploadSignedURL\", body.urls[0]);"
								],
								"type": "text/javascript"
							}
						}
					],
					"protocolProfileBehavior": {
						"disabledSystemHeaders": {}
					},
					"request": {
						"auth": {
							"type": "noauth"
						},
						"method": "GET",
						"header": [
							{
								"key": "Authorization",
								"value": "Bearer {{dasApiToken}}",
								"type": "text"
							}
						],
						"url": {
							"raw": "https://developer.api.autodesk.com/oss/v2/buckets/{{ossBucketKey}}/objects/{{ossZipFileObjectKey}}/signeds3upload",
							"protocol": "https",
							"host": [
								"developer",
								"api",
								"autodesk",
								"com"
							],
							"path": [
								"oss",
								"v2",
								"buckets",
								"{{ossBucketKey}}",
								"objects",
								"{{ossZipFileObjectKey}}",
								"signeds3upload"
							],
							"query": [
								{
									"key": "minutesExpiration",
									"value": "5",
									"disabled": true
								}
							]
						}
					},
					"response": []
				},
				{
					"name": "Upload the Input Zip File to OSS",
					"event": [
						{
							"listen": "test",
							"script": {
								"exec": [
									"console.log(pm.request.body.file.src)"
								],
								"type": "text/javascript"
							}
						}
					],
					"request": {
						"auth": {
							"type": "noauth"
						},
						"method": "PUT",
						"header": [
							{
								"key": "Authorization",
								"value": "Bearer {{dasApiToken}}",
								"type": "text",
								"disabled": true
							}
						],
						"body": {
							"mode": "file",
							"file": {
								"src": ""
							}
						},
						"url": {
							"raw": "{{ContentUploadSignedURL}}",
							"host": [
								"{{ContentUploadSignedURL}}"
							]
						}
					},
					"response": []
				},
				{
					"name": "Complete Uploading the Input Zip File",
					"event": [
						{
							"listen": "test",
							"script": {
								"exec": [
									"var body = JSON.parse(responseBody);",
									"pm.collectionVariables.set(\"ossInputZipFileObjectId\", body.objectId);"
								],
								"type": "text/javascript"
							}
						}
					],
					"protocolProfileBehavior": {
						"disabledSystemHeaders": {}
					},
					"request": {
						"auth": {
							"type": "noauth"
						},
						"method": "POST",
						"header": [
							{
								"key": "Authorization",
								"value": "Bearer {{dasApiToken}}",
								"type": "text"
							},
							{
								"key": "Content-Type",
								"value": "application/json",
								"type": "text"
							}
						],
						"body": {
							"mode": "raw",
							"raw": "{\n    \"uploadKey\":\"{{UploadKey}}\"\n}"
						},
						"url": {
							"raw": "https://developer.api.autodesk.com/oss/v2/buckets/{{ossBucketKey}}/objects/{{ossZipFileObjectKey}}/signeds3upload",
							"protocol": "https",
							"host": [
								"developer",
								"api",
								"autodesk",
								"com"
							],
							"path": [
								"oss",
								"v2",
								"buckets",
								"{{ossBucketKey}}",
								"objects",
								"{{ossZipFileObjectKey}}",
								"signeds3upload"
							]
						}
					},
					"response": []
				},
				{
					"name": "Obtain Signed URL to Upload the Input MaxScript File",
					"event": [
						{
							"listen": "test",
							"script": {
								"exec": [
									"var body = JSON.parse(responseBody);",
									"pm.collectionVariables.set(\"UploadKey\", body.uploadKey);",
									"pm.collectionVariables.set(\"ContentUploadSignedURL\", body.urls[0]);"
								],
								"type": "text/javascript"
							}
						}
					],
					"protocolProfileBehavior": {
						"disabledSystemHeaders": {}
					},
					"request": {
						"auth": {
							"type": "noauth"
						},
						"method": "GET",
						"header": [
							{
								"key": "Authorization",
								"value": "Bearer {{dasApiToken}}",
								"type": "text"
							}
						],
						"url": {
							"raw": "https://developer.api.autodesk.com/oss/v2/buckets/{{ossBucketKey}}/objects/{{ossScriptFileObjectKey}}/signeds3upload",
							"protocol": "https",
							"host": [
								"developer",
								"api",
								"autodesk",
								"com"
							],
							"path": [
								"oss",
								"v2",
								"buckets",
								"{{ossBucketKey}}",
								"objects",
								"{{ossScriptFileObjectKey}}",
								"signeds3upload"
							],
							"query": [
								{
									"key": "minutesExpiration",
									"value": "5",
									"disabled": true
								}
							]
						}
					},
					"response": []
				},
				{
					"name": "Upload the Input MaxScript File",
					"event": [
						{
							"listen": "test",
							"script": {
								"exec": [
									"console.log(pm.request.body.file.src)"
								],
								"type": "text/javascript"
							}
						}
					],
					"request": {
						"auth": {
							"type": "noauth"
						},
						"method": "PUT",
						"header": [
							{
								"key": "Authorization",
								"value": "Bearer {{dasApiToken}}",
								"type": "text",
								"disabled": true
							}
						],
						"body": {
							"mode": "file",
							"file": {
								"src": ""
							}
						},
						"url": {
							"raw": "{{ContentUploadSignedURL}}",
							"host": [
								"{{ContentUploadSignedURL}}"
							]
						}
					},
					"response": []
				},
				{
					"name": "Complete Uploading the MaxScript File",
					"event": [
						{
							"listen": "test",
							"script": {
								"exec": [
									"var body = JSON.parse(responseBody);",
									"pm.collectionVariables.set(\"ossInputScriptFileObjectId\", body.objectId);"
								],
								"type": "text/javascript"
							}
						}
					],
					"protocolProfileBehavior": {
						"disabledSystemHeaders": {}
					},
					"request": {
						"auth": {
							"type": "noauth"
						},
						"method": "POST",
						"header": [
							{
								"key": "Authorization",
								"value": "Bearer {{dasApiToken}}",
								"type": "text"
							},
							{
								"key": "Content-Type",
								"value": "application/json",
								"type": "text"
							}
						],
						"body": {
							"mode": "raw",
							"raw": "{\n    \"uploadKey\":\"{{UploadKey}}\"\n}"
						},
						"url": {
							"raw": "https://developer.api.autodesk.com/oss/v2/buckets/{{ossBucketKey}}/objects/{{ossScriptFileObjectKey}}/signeds3upload",
							"protocol": "https",
							"host": [
								"developer",
								"api",
								"autodesk",
								"com"
							],
							"path": [
								"oss",
								"v2",
								"buckets",
								"{{ossBucketKey}}",
								"objects",
								"{{ossScriptFileObjectKey}}",
								"signeds3upload"
							]
						}
					},
					"response": []
				}
			],
			"event": [
				{
					"listen": "prerequest",
					"script": {
						"type": "text/javascript",
						"exec": [
							""
						]
					}
				},
				{
					"listen": "test",
					"script": {
						"type": "text/javascript",
						"exec": [
							""
						]
					}
				}
			]
		},
		{
			"name": "Task 5 - Submit a WorkItem",
			"item": [
				{
					"name": "Send WorkItem",
					"event": [
						{
							"listen": "test",
							"script": {
								"exec": [
									"var body = JSON.parse(responseBody);",
									"pm.collectionVariables.set(\"dasWorkItemId\", body[\"id\"]);"
								],
								"type": "text/javascript"
							}
						}
					],
					"request": {
						"method": "POST",
						"header": [
							{
								"key": "Content-Type",
								"value": "application/json"
							},
							{
								"key": "Authorization",
								"value": "Bearer {{dasApiToken}}"
							}
						],
						"body": {
							"mode": "raw",
							"raw": "{\n\t\"activityId\": \"{{dasNickName}}.executeScript+tutorial\",\n\t\"arguments\": {\n\t\t\"InputMaxScene\": {\n            \"url\": \"urn:adsk.objects:os.object:{{ossBucketKey}}/{{ossZipFileObjectKey}}\",\n            \"verb\": \"get\",\n            \"pathInZip\": \"sceneName.max\",\n            \"headers\": {\n                \"Authorization\": \"Bearer {{dasApiToken}}\"\n            }\n        },\n        \"MaxscriptToExecute\": {\n        \t\"url\": \"urn:adsk.objects:os.object:{{ossBucketKey}}/{{ossScriptFileObjectKey}}\",\n            \"verb\": \"get\",\n            \"headers\": {\n                \"Authorization\": \"Bearer {{dasApiToken}}\"\n            }\n        },\n        \"OutputZip\": {\n        \t\"url\": \"urn:adsk.objects:os.object:{{ossBucketKey}}/{{ossOutputFileObjectKey}}\",\n            \"verb\": \"put\",\n            \"headers\": {\n                \"Authorization\": \"Bearer {{dasApiToken}}\"\n            }\n        }\n\t}\n}"
						},
						"url": {
							"raw": "https://developer.api.autodesk.com/da/us-east/v3/workitems",
							"protocol": "https",
							"host": [
								"developer",
								"api",
								"autodesk",
								"com"
							],
							"path": [
								"da",
								"us-east",
								"v3",
								"workitems"
							]
						},
						"description": "[See documentation](https://aps.autodesk.com/en/docs/design-automation/v3/reference/http/workitems-POST/)"
					},
					"response": []
				},
				{
					"name": "Check Status of a  WorkItem Copy",
					"request": {
						"method": "GET",
						"header": [
							{
								"key": "Content-Type",
								"value": "application/json"
							},
							{
								"key": "Authorization",
								"value": "Bearer {{dasApiToken}}"
							}
						],
						"url": {
							"raw": "https://developer.api.autodesk.com/da/us-east/v3/workitems/{{dasWorkItemId}}",
							"protocol": "https",
							"host": [
								"developer",
								"api",
								"autodesk",
								"com"
							],
							"path": [
								"da",
								"us-east",
								"v3",
								"workitems",
								"{{dasWorkItemId}}"
							]
						},
						"description": "[See documentation](https://aps.autodesk.com/en/docs/design-automation/v3/reference/http/workitems-id-GET/)"
					},
					"response": []
				}
			]
		},
		{
			"name": "Task 6 - Download the Results ",
			"item": [
				{
					"name": "Check Status of the WorkItem",
					"request": {
						"method": "GET",
						"header": [
							{
								"key": "Content-Type",
								"value": "application/json"
							},
							{
								"key": "Authorization",
								"value": "Bearer {{dasApiToken}}"
							}
						],
						"url": {
							"raw": "https://developer.api.autodesk.com/da/us-east/v3/workitems/{{dasWorkItemId}}",
							"protocol": "https",
							"host": [
								"developer",
								"api",
								"autodesk",
								"com"
							],
							"path": [
								"da",
								"us-east",
								"v3",
								"workitems",
								"{{dasWorkItemId}}"
							]
						},
						"description": "[See documentation](https://aps.autodesk.com/en/docs/design-automation/v3/reference/http/workitems-id-GET/)"
					},
					"response": []
				},
				{
					"name": "Get S3 Download URL for Output",
					"event": [
						{
							"listen": "test",
							"script": {
								"exec": [
									"var body = JSON.parse(responseBody);",
									"pm.collectionVariables.set(\"ossOutputFileDownloadUrl\", body[\"url\"]);",
									""
								],
								"type": "text/javascript"
							}
						}
					],
					"request": {
						"method": "GET",
						"header": [
							{
								"key": "Content-Type",
								"value": "application/json"
							},
							{
								"key": "Authorization",
								"value": "Bearer {{dasApiToken}}"
							}
						],
						"url": {
							"raw": "https://developer.api.autodesk.com/oss/v2/buckets/{{ossBucketKey}}/objects/{{ossOutputFileObjectKey}}/signeds3download",
							"protocol": "https",
							"host": [
								"developer",
								"api",
								"autodesk",
								"com"
							],
							"path": [
								"oss",
								"v2",
								"buckets",
								"{{ossBucketKey}}",
								"objects",
								"{{ossOutputFileObjectKey}}",
								"signeds3download"
							]
						},
						"description": "[See documentation](https://aps.autodesk.com/en/docs/data/v2/reference/http/buckets-:bucketKey-objects-:objectName-signed-POST/)"
					},
					"response": []
				},
				{
					"name": "Download Output from OSS",
					"protocolProfileBehavior": {
						"disableBodyPruning": true
					},
					"request": {
						"method": "GET",
						"header": [],
						"body": {
							"mode": "raw",
							"raw": "{}"
						},
						"url": {
							"raw": "{{ossOutputFileDownloadUrl}}",
							"host": [
								"{{ossOutputFileDownloadUrl}}"
							]
						},
						"description": "[See documentation](https://aps.autodesk.com/en/docs/data/v2/reference/http/buckets-:bucketKey-objects-:objectName-GET/)"
					},
					"response": []
				}
			]
		},
		{
			"name": "Extras",
			"item": [
				{
					"name": "My App Nickname",
					"request": {
						"method": "GET",
						"header": [
							{
								"key": "Authorization",
								"value": "Bearer {{dasApiToken}}",
								"type": "text"
							}
						],
						"url": {
							"raw": "https://developer.api.autodesk.com/da/us-east/v3/forgeapps/me",
							"protocol": "https",
							"host": [
								"developer",
								"api",
								"autodesk",
								"com"
							],
							"path": [
								"da",
								"us-east",
								"v3",
								"forgeapps",
								"me"
							]
						}
					},
					"response": []
				},
				{
					"name": "Delete App Data in Design Automation",
					"request": {
						"method": "DELETE",
						"header": [
							{
								"key": "Content-Type",
								"value": "application/json"
							},
							{
								"key": "Authorization",
								"value": "Bearer {{dasApiToken}}"
							}
						],
						"body": {
							"mode": "raw",
							"raw": ""
						},
						"url": {
							"raw": "https://developer.api.autodesk.com/da/us-east/v3/forgeapps/me",
							"protocol": "https",
							"host": [
								"developer",
								"api",
								"autodesk",
								"com"
							],
							"path": [
								"da",
								"us-east",
								"v3",
								"forgeapps",
								"me"
							]
						},
						"description": "[See documentation](https://aps.autodesk.com/en/docs/design-automation/v3/reference/http/forgeapps-id-DELETE/)"
					},
					"response": []
				},
				{
					"name": "Delete OSS Bucket",
					"event": [
						{
							"listen": "test",
							"script": {
								"exec": [
									""
								],
								"type": "text/javascript"
							}
						}
					],
					"request": {
						"method": "DELETE",
						"header": [
							{
								"key": "Content-Type",
								"value": "application/json"
							},
							{
								"key": "Authorization",
								"value": "Bearer {{dasApiToken}}"
							}
						],
						"body": {
							"mode": "raw",
							"raw": ""
						},
						"url": {
							"raw": "https://developer.api.autodesk.com/oss/v2/buckets/{{ossBucketKey}}",
							"protocol": "https",
							"host": [
								"developer",
								"api",
								"autodesk",
								"com"
							],
							"path": [
								"oss",
								"v2",
								"buckets",
								"{{ossBucketKey}}"
							]
						},
						"description": "[See documentation](https://aps.autodesk.com/en/docs/data/v2/reference/http/buckets-:bucketKey-DELETE/)"
					},
					"response": []
				},
				{
					"name": "List engines",
					"protocolProfileBehavior": {
						"disableBodyPruning": true
					},
					"request": {
						"method": "GET",
						"header": [
							{
								"key": "Authorization",
								"value": "Bearer {{dasApiToken}}",
								"type": "text"
							},
							{
								"key": "Content-Type",
								"name": "Content-Type",
								"value": "application/json",
								"type": "text"
							}
						],
						"body": {
							"mode": "raw",
							"raw": "",
							"options": {
								"raw": {
									"language": "json"
								}
							}
						},
						"url": {
							"raw": "https://developer.api.autodesk.com/da/us-east/v3/engines",
							"protocol": "https",
							"host": [
								"developer",
								"api",
								"autodesk",
								"com"
							],
							"path": [
								"da",
								"us-east",
								"v3",
								"engines"
							]
						},
						"description": "[See documentation](https://aps.autodesk.com/en/docs/design-automation/v3/reference/http/engines-GET/)"
					},
					"response": []
				},
				{
					"name": "List Activities",
					"request": {
						"method": "GET",
						"header": [
							{
								"key": "Authorization",
								"value": "Bearer {{dasApiToken}}",
								"type": "text"
							}
						],
						"url": {
							"raw": "https://developer.api.autodesk.com/da/us-east/v3/activities",
							"protocol": "https",
							"host": [
								"developer",
								"api",
								"autodesk",
								"com"
							],
							"path": [
								"da",
								"us-east",
								"v3",
								"activities"
							]
						},
						"description": "[See documentation](https://aps.autodesk.com/en/docs/design-automation/v3/reference/http/activities-GET/)"
					},
					"response": []
				},
				{
					"name": "List objects in a Bucket",
					"request": {
						"method": "GET",
						"header": [
							{
								"key": "Authorization",
								"value": "Bearer {{dasApiToken}}",
								"type": "text"
							}
						],
						"url": {
							"raw": "https://developer.api.autodesk.com/oss/v2/buckets/{{ossBucketKey}}/objects",
							"protocol": "https",
							"host": [
								"developer",
								"api",
								"autodesk",
								"com"
							],
							"path": [
								"oss",
								"v2",
								"buckets",
								"{{ossBucketKey}}",
								"objects"
							]
						},
						"description": "[See documentation](https://aps.autodesk.com/en/docs/data/v2/reference/http/buckets-:bucketKey-objects-GET/)"
					},
					"response": []
				},
				{
					"name": "List Buckets",
					"request": {
						"method": "GET",
						"header": [
							{
								"key": "Authorization",
								"value": "Bearer {{dasApiToken}}",
								"type": "text"
							}
						],
						"url": {
							"raw": "https://developer.api.autodesk.com/oss/v2/buckets",
							"protocol": "https",
							"host": [
								"developer",
								"api",
								"autodesk",
								"com"
							],
							"path": [
								"oss",
								"v2",
								"buckets"
							]
						},
						"description": "[See documentation](https://aps.autodesk.com/en/docs/data/v2/reference/http/buckets-GET/)"
					},
					"response": []
				},
				{
					"name": "Get Bucket Details",
					"request": {
						"method": "GET",
						"header": [
							{
								"key": "Authorization",
								"value": "Bearer {{dasApiToken}}",
								"type": "text"
							}
						],
						"url": {
							"raw": "https://developer.api.autodesk.com/oss/v2/buckets/{{ossBucketKey}}/details",
							"protocol": "https",
							"host": [
								"developer",
								"api",
								"autodesk",
								"com"
							],
							"path": [
								"oss",
								"v2",
								"buckets",
								"{{ossBucketKey}}",
								"details"
							]
						},
						"description": "[See documentation](https://aps.autodesk.com/en/docs/data/v2/reference/http/buckets-:bucketKey-details-GET/)"
					},
					"response": []
				}
			],
			"event": [
				{
					"listen": "prerequest",
					"script": {
						"type": "text/javascript",
						"exec": [
							""
						]
					}
				},
				{
					"listen": "test",
					"script": {
						"type": "text/javascript",
						"exec": [
							""
						]
					}
				}
			]
		}
	],
	"event": [
		{
			"listen": "prerequest",
			"script": {
				"type": "text/javascript",
				"exec": [
					""
				]
			}
		},
		{
			"listen": "test",
			"script": {
				"type": "text/javascript",
				"exec": [
					""
				]
			}
		}
	],
	"variable": [
		{
			"key": "client_auth_keys",
			"value": ""
		},
		{
			"key": "dasApiToken",
			"value": ""
		},
		{
			"key": "UploadKey",
			"value": ""
		},
		{
			"key": "ContentUploadSignedURL",
			"value": ""
		},
		{
			"key": "ossBucketKey",
			"value": ""
		},
		{
			"key": "ossInputZipFileObjectId",
			"value": ""
		},
		{
			"key": "ossInputScriptFileObjectId",
			"value": ""
		},
		{
			"key": "dasWorkItemId",
			"value": ""
		},
		{
			"key": "ossOutputFileDownloadUrl",
			"value": ""
		}
	]
}