{
	"id": "d335021d-4bca-4bb4-9a04-a8e9f3c12fbc",
	"name": "DA43dsMax",
	"values": [
		{
			"key": "client_id",
			"value": "",
			"enabled": true
		},
		{
			"key": "client_secret",
			"value": "",
			"enabled": true
		},
		{
			"key": "dasNickName",
			"value": "",
			"enabled": true
		},
		{
			"key": "ossBucketKey",
			"value": "",
			"enabled": true
		},
		{
			"key": "ossZipFileObjectKey",
			"value": "",
			"enabled": true
		},
		{
			"key": "ossOutputFileObjectKey",
			"value": "",
			"enabled": true
		},
		{
			"key": "ossScriptFileObjectKey",
			"value": "",
			"enabled": true
		}
	],
	"_postman_variable_scope": "environment",
	"_postman_exported_at": "2023-10-06T07:37:49.956Z",
	"_postman_exported_using": "Postman/10.18.2"
}