{
	"info": {
		"_postman_id": "f92e033f-9eda-490c-b622-c783c655ff8d",
		"name": "Model Derivative",
		"schema": "https://schema.getpostman.com/json/collection/v2.1.0/collection.json",
		"_exporter_id": "3021021"
	},
	"item": [
		{
			"name": "Tutorial 4 - Prepare a File for the Viewer",
			"item": [
				{
					"name": "Task 1 - Obtain an Access Token",
					"item": [
						{
							"name": "Get an Access Token",
							"event": [
								{
									"listen": "prerequest",
									"script": {
										"exec": [
											"const clientId =  pm.environment.get(\"client_id\");",
											"const clientSecret =  pm.environment.get(\"client_secret\");",
											"var clientAuthKeys =  btoa(clientId +\":\"+clientSecret);",
											""
										],
										"type": "text/javascript"
									}
								},
								{
									"listen": "test",
									"script": {
										"exec": [
											"var body = JSON.parse(responseBody);",
											"pm.environment.set(\"access_token\", body.access_token);"
										],
										"type": "text/javascript"
									}
								}
							],
							"request": {
								"method": "POST",
								"header": [
									{
										"key": "Content-Type",
										"value": "application/x-www-form-urlencoded",
										"type": "text"
									},
									{
										"key": "Accept",
										"value": "application/json",
										"type": "text"
									},
									{
										"key": "Authorization",
										"value": "Basic {{client_auth_keys}}",
										"type": "text"
									}
								],
								"body": {
									"mode": "urlencoded",
									"urlencoded": [
										{
											"key": "grant_type",
											"value": "client_credentials",
											"type": "text"
										},
										{
											"key": "scope",
											"value": "code:all data:write data:read bucket:create bucket:delete bucket:read",
											"type": "text"
										}
									]
								},
								"url": {
									"raw": "https://developer.api.autodesk.com/authentication/v2/token",
									"protocol": "https",
									"host": [
										"developer",
										"api",
										"autodesk",
										"com"
									],
									"path": [
										"authentication",
										"v2",
										"token"
									]
								}
							},
							"response": []
						}
					],
					"event": [
						{
							"listen": "prerequest",
							"script": {
								"type": "text/javascript",
								"exec": [
									""
								]
							}
						},
						{
							"listen": "test",
							"script": {
								"type": "text/javascript",
								"exec": [
									""
								]
							}
						}
					]
				},
				{
					"name": "Task 2 - Upload Source File to OSS",
					"item": [
						{
							"name": "Create a Bucket",
							"event": [
								{
									"listen": "test",
									"script": {
										"exec": [
											""
										],
										"type": "text/javascript"
									}
								}
							],
							"request": {
								"method": "POST",
								"header": [
									{
										"key": "Content-Type",
										"value": "application/json"
									},
									{
										"key": "Authorization",
										"value": "Bearer {{access_token}}"
									}
								],
								"body": {
									"mode": "raw",
									"raw": "{\n\t\"bucketKey\": \"{{ossBucketKey}}\",\n\t\"access\": \"full\",\n\t\"policyKey\": \"transient\"\n}\n"
								},
								"url": {
									"raw": "https://developer.api.autodesk.com/oss/v2/buckets",
									"protocol": "https",
									"host": [
										"developer",
										"api",
										"autodesk",
										"com"
									],
									"path": [
										"oss",
										"v2",
										"buckets"
									]
								},
								"description": "[See documentation](https://aps.autodesk.com/en/docs/data/v2/reference/http/buckets-POST/)"
							},
							"response": []
						},
						{
							"name": "Obtain Signed URL",
							"event": [
								{
									"listen": "test",
									"script": {
										"exec": [
											"var body = JSON.parse(responseBody);",
											"pm.environment.set(\"UploadKey\", body.uploadKey);",
											"pm.environment.set(\"ContentUploadSignedURL\", body.urls[0]);"
										],
										"type": "text/javascript"
									}
								}
							],
							"request": {
								"method": "GET",
								"header": [
									{
										"key": "Authorization",
										"value": "Bearer {{access_token}}",
										"type": "text"
									}
								],
								"url": {
									"raw": "https://developer.api.autodesk.com/oss/v2/buckets/{{ossBucketKey}}/objects/{{ossSourceFileObjectKey}}/signeds3upload?minutesExpiration=5",
									"protocol": "https",
									"host": [
										"developer",
										"api",
										"autodesk",
										"com"
									],
									"path": [
										"oss",
										"v2",
										"buckets",
										"{{ossBucketKey}}",
										"objects",
										"{{ossSourceFileObjectKey}}",
										"signeds3upload"
									],
									"query": [
										{
											"key": "minutesExpiration",
											"value": "5"
										}
									]
								}
							},
							"response": []
						},
						{
							"name": "Upload the File",
							"event": [
								{
									"listen": "test",
									"script": {
										"exec": [
											""
										],
										"type": "text/javascript"
									}
								}
							],
							"request": {
								"method": "PUT",
								"header": [],
								"body": {
									"mode": "file",
									"file": {
										"src": ""
									}
								},
								"url": {
									"raw": "{{ContentUploadSignedURL}}",
									"host": [
										"{{ContentUploadSignedURL}}"
									]
								}
							},
							"response": []
						},
						{
							"name": "Finalize Upload",
							"event": [
								{
									"listen": "test",
									"script": {
										"exec": [
											"var body = JSON.parse(responseBody);",
											"pm.environment.set(\"t4_ossSourceFileObjectKey\", body[\"objectKey\"]);",
											"pm.environment.set(\"t4_ossSourceFileURN\", body[\"objectId\"]);",
											"var encoded_urn=btoa(body[\"objectId\"]);",
											"pm.environment.set(\"t4_ossEncodedSourceFileURN\", encoded_urn);"
										],
										"type": "text/javascript"
									}
								}
							],
							"request": {
								"method": "POST",
								"header": [
									{
										"key": "Authorization",
										"value": "Bearer {{access_token}}",
										"type": "text"
									},
									{
										"key": "Content-Type",
										"value": "application/json",
										"type": "text"
									}
								],
								"body": {
									"mode": "raw",
									"raw": "{\n    \"uploadKey\":\"{{UploadKey}}\"\n}"
								},
								"url": {
									"raw": "https://developer.api.autodesk.com/oss/v2/buckets/{{ossBucketKey}}/objects/{{ossSourceFileObjectKey}}/signeds3upload",
									"protocol": "https",
									"host": [
										"developer",
										"api",
										"autodesk",
										"com"
									],
									"path": [
										"oss",
										"v2",
										"buckets",
										"{{ossBucketKey}}",
										"objects",
										"{{ossSourceFileObjectKey}}",
										"signeds3upload"
									]
								}
							},
							"response": []
						}
					],
					"event": [
						{
							"listen": "prerequest",
							"script": {
								"type": "text/javascript",
								"exec": [
									""
								]
							}
						},
						{
							"listen": "test",
							"script": {
								"type": "text/javascript",
								"exec": [
									""
								]
							}
						}
					]
				},
				{
					"name": "Task 3 - Translate Source File",
					"item": [
						{
							"name": "Option 1 - Translate to SVF",
							"item": [
								{
									"name": "Start a Translation Job",
									"event": [
										{
											"listen": "test",
											"script": {
												"exec": [
													"var body = JSON.parse(responseBody);",
													"pm.environment.set(\"t4_url_safe_urn_of_source\", body[\"urn\"]);"
												],
												"type": "text/javascript"
											}
										}
									],
									"request": {
										"method": "POST",
										"header": [
											{
												"key": "Content-Type",
												"name": "Content-Type",
												"value": "application/json",
												"type": "text"
											},
											{
												"key": "Authorization",
												"value": "Bearer {{access_token}}",
												"type": "text"
											},
											{
												"key": "x-ads-force",
												"value": "true",
												"type": "text"
											}
										],
										"body": {
											"mode": "raw",
											"raw": "{\n    \"input\": {\n        \"urn\": \"{{t4_ossEncodedSourceFileURN}}\",\n        \"rootFilename\": \"Suspension.iam\",\n        \"compressedUrn\": true\n    },\n    \"output\": {\n        \"destination\": {\n            \"region\": \"us\"\n        },\n        \"formats\": [\n            {\n                \"type\": \"svf\",\n                \"views\": [\n                    \"2d\",\n                    \"3d\"\n                ]\n            }\n        ]\n    }\n}",
											"options": {
												"raw": {
													"language": "json"
												}
											}
										},
										"url": {
											"raw": "https://developer.api.autodesk.com/modelderivative/v2/designdata/job",
											"protocol": "https",
											"host": [
												"developer",
												"api",
												"autodesk",
												"com"
											],
											"path": [
												"modelderivative",
												"v2",
												"designdata",
												"job"
											]
										},
										"description": "[See documentation](https://aps.autodesk.com/en/docs/model-derivative/v2/reference/http/job-POST/)"
									},
									"response": []
								}
							]
						},
						{
							"name": "Option 2 - Translate to SVF2",
							"item": [
								{
									"name": "Start a Translation Job",
									"event": [
										{
											"listen": "test",
											"script": {
												"exec": [
													"var body = JSON.parse(responseBody);",
													"pm.environment.set(\"t4_url_safe_urn_of_source\", body[\"urn\"]);"
												],
												"type": "text/javascript"
											}
										}
									],
									"request": {
										"method": "POST",
										"header": [
											{
												"key": "Content-Type",
												"name": "Content-Type",
												"value": "application/json",
												"type": "text"
											},
											{
												"key": "Authorization",
												"value": "Bearer {{access_token}}",
												"type": "text"
											},
											{
												"key": "x-ads-force",
												"value": "true",
												"type": "text"
											}
										],
										"body": {
											"mode": "raw",
											"raw": "{\n    \"input\": {\n        \"urn\": \"{{t4_ossEncodedSourceFileURN}}\",\n        \"rootFilename\": \"Suspension.iam\",\n        \"compressedUrn\": true\n    },\n    \"output\": {\n        \"destination\": {\n            \"region\": \"us\"\n        },\n        \"formats\": [\n            {\n                \"type\": \"svf2\",\n                \"views\": [\n                    \"2d\",\n                    \"3d\"\n                ]\n            }\n        ]\n    }\n}",
											"options": {
												"raw": {
													"language": "json"
												}
											}
										},
										"url": {
											"raw": "https://developer.api.autodesk.com/modelderivative/v2/designdata/job",
											"protocol": "https",
											"host": [
												"developer",
												"api",
												"autodesk",
												"com"
											],
											"path": [
												"modelderivative",
												"v2",
												"designdata",
												"job"
											]
										},
										"description": "[See documentation](https://aps.autodesk.com/en/docs/model-derivative/v2/reference/http/job-POST/)"
									},
									"response": []
								}
							]
						},
						{
							"name": "Check Status of Job",
							"event": [
								{
									"listen": "test",
									"script": {
										"exec": [
											""
										],
										"type": "text/javascript"
									}
								}
							],
							"request": {
								"method": "GET",
								"header": [
									{
										"key": "Authorization",
										"value": "Bearer {{access_token}}"
									}
								],
								"url": {
									"raw": "https://developer.api.autodesk.com/modelderivative/v2/designdata/{{t4_url_safe_urn_of_source}}/manifest",
									"protocol": "https",
									"host": [
										"developer",
										"api",
										"autodesk",
										"com"
									],
									"path": [
										"modelderivative",
										"v2",
										"designdata",
										"{{t4_url_safe_urn_of_source}}",
										"manifest"
									]
								},
								"description": "[See documentation](https://aps.autodesk.com/en/docs/model-derivative/v2/reference/http/urn-manifest-GET/)"
							},
							"response": []
						}
					],
					"event": [
						{
							"listen": "prerequest",
							"script": {
								"type": "text/javascript",
								"exec": [
									""
								]
							}
						},
						{
							"listen": "test",
							"script": {
								"type": "text/javascript",
								"exec": [
									""
								]
							}
						}
					]
				}
			],
			"event": [
				{
					"listen": "prerequest",
					"script": {
						"type": "text/javascript",
						"exec": [
							""
						]
					}
				},
				{
					"listen": "test",
					"script": {
						"type": "text/javascript",
						"exec": [
							""
						]
					}
				}
			]
		},
		{
			"name": "Extras",
			"item": [
				{
					"name": "Get Bucket Details",
					"request": {
						"method": "GET",
						"header": [
							{
								"key": "Authorization",
								"value": "Bearer {{access_token}}",
								"type": "text"
							}
						],
						"url": {
							"raw": "https://developer.api.autodesk.com/oss/v2/buckets/{{ossBucketKey}}/details",
							"protocol": "https",
							"host": [
								"developer",
								"api",
								"autodesk",
								"com"
							],
							"path": [
								"oss",
								"v2",
								"buckets",
								"{{ossBucketKey}}",
								"details"
							]
						},
						"description": "[See documentation](https://aps.autodesk.com/en/docs/data/v2/reference/http/buckets-:bucketKey-details-GET/)"
					},
					"response": []
				},
				{
					"name": "List Objects in  Bucket",
					"request": {
						"method": "GET",
						"header": [
							{
								"key": "Authorization",
								"type": "text",
								"value": "Bearer {{access_token}}"
							}
						],
						"url": {
							"raw": "https://developer.api.autodesk.com/oss/v2/buckets/{{ossBucketKey}}/objects",
							"protocol": "https",
							"host": [
								"developer",
								"api",
								"autodesk",
								"com"
							],
							"path": [
								"oss",
								"v2",
								"buckets",
								"{{ossBucketKey}}",
								"objects"
							]
						},
						"description": "[See documentation](https://aps.autodesk.com/en/docs/data/v2/reference/http/buckets-:bucketKey-details-GET/)"
					},
					"response": []
				},
				{
					"name": "Delete Manifest",
					"event": [
						{
							"listen": "test",
							"script": {
								"exec": [
									""
								],
								"type": "text/javascript"
							}
						}
					],
					"request": {
						"method": "DELETE",
						"header": [
							{
								"key": "Authorization",
								"value": "Bearer {{access_token}}"
							}
						],
						"url": {
							"raw": "https://developer.api.autodesk.com/modelderivative/v2/designdata/{{t4_url_safe_urn_of_source}}/manifest",
							"protocol": "https",
							"host": [
								"developer",
								"api",
								"autodesk",
								"com"
							],
							"path": [
								"modelderivative",
								"v2",
								"designdata",
								"{{t4_url_safe_urn_of_source}}",
								"manifest"
							]
						},
						"description": "[See documentation](https://aps.autodesk.com/en/docs/model-derivative/v2/reference/http/urn-manifest-DELETE/)"
					},
					"response": []
				},
				{
					"name": "Delete OSS Bucket",
					"event": [
						{
							"listen": "test",
							"script": {
								"exec": [
									""
								],
								"type": "text/javascript"
							}
						}
					],
					"request": {
						"method": "DELETE",
						"header": [
							{
								"key": "Content-Type",
								"value": "application/json"
							},
							{
								"key": "Authorization",
								"value": "Bearer {{access_token}}"
							}
						],
						"body": {
							"mode": "raw",
							"raw": ""
						},
						"url": {
							"raw": "https://developer.api.autodesk.com/oss/v2/buckets/{{ossBucketKey}}",
							"protocol": "https",
							"host": [
								"developer",
								"api",
								"autodesk",
								"com"
							],
							"path": [
								"oss",
								"v2",
								"buckets",
								"{{ossBucketKey}}"
							]
						},
						"description": "[See documentation](https://aps.autodesk.com/en/docs/data/v2/reference/http/buckets-:bucketKey-DELETE/)"
					},
					"response": []
				},
				{
					"name": "Get Supported Formats",
					"request": {
						"method": "GET",
						"header": [
							{
								"key": "Authorization",
								"value": "Bearer {{access_token}}",
								"type": "text"
							}
						],
						"url": {
							"raw": "https://developer.api.autodesk.com/modelderivative/v2/designdata/formats",
							"protocol": "https",
							"host": [
								"developer",
								"api",
								"autodesk",
								"com"
							],
							"path": [
								"modelderivative",
								"v2",
								"designdata",
								"formats"
							]
						},
						"description": "[See documentation](https://aps.autodesk.com/en/docs/model-derivative/v2/reference/http/formats-GET/)"
					},
					"response": []
				},
				{
					"name": "Upload Zip File to OSS",
					"event": [
						{
							"listen": "test",
							"script": {
								"exec": [
									"var body = JSON.parse(responseBody);",
									"pm.environment.set(\"t4_ossSourceFileObjectKey\", body[\"objectKey\"]);",
									"pm.environment.set(\"t4_ossSourceFileURN\", body[\"objectId\"]);",
									"var encoded_urn=btoa(body[\"objectId\"]);",
									"pm.environment.set(\"t4_ossEncodedSourceFileURN\", encoded_urn);"
								],
								"type": "text/javascript"
							}
						}
					],
					"request": {
						"method": "PUT",
						"header": [
							{
								"key": "Authorization",
								"value": "Bearer {{access_token}}"
							}
						],
						"body": {
							"mode": "file",
							"file": {
								"src": ""
							}
						},
						"url": {
							"raw": "https://developer.api.autodesk.com/oss/v2/buckets/{{ossBucketKey}}/objects/{{ossSourceFileObjectKey}}",
							"protocol": "https",
							"host": [
								"developer",
								"api",
								"autodesk",
								"com"
							],
							"path": [
								"oss",
								"v2",
								"buckets",
								"{{ossBucketKey}}",
								"objects",
								"{{ossSourceFileObjectKey}}"
							]
						},
						"description": "[See documentation](https://aps.autodesk.com/en/docs/data/v2/reference/http/buckets-:bucketKey-objects-:objectName-PUT/)"
					},
					"response": []
				}
			]
		}
	]
}