{
	"id": "cac20812-232c-490a-9962-fa73b37ad068",
	"name": "DA4Fusion",
	"values": [
		{
			"key": "client_id",
			"value": "",
			"enabled": true
		},
		{
			"key": "client_secret",
			"value": "",
			"enabled": true
		},
		{
			"key": "dasNickName",
			"value": "",
			"enabled": true
		},
		{
			"key": "ossBucketKey",
			"value": "",
			"enabled": true
		},
		{
			"key": "ossInputFileObjectKey",
			"value": "",
			"enabled": true
		},
		{
			"key": "ossOutputIptFileObjectKey",
			"value": "",
			"enabled": true
		},
		{
			"key": "ossOutputIamFileObjectKey",
			"value": "",
			"enabled": true
		},
		{
			"key": "ossOutputBmpFileObjectKey",
			"value": "",
			"enabled": true
		},
		{
			"key": "daAuthTokenUrl",
			"value": "https://developer.api.autodesk.com/authentication/v2/token",
			"enabled": true
		},
		{
			"key": "daApiRoot",
			"value": "https://developer.api.autodesk.com/da/us-east/v3",
			"type": "default",
			"enabled": true
		},
		{
			"key": "appBundleName",
			"value": "CreateNutAppBundle",
			"type": "default",
			"enabled": true
		},
		{
			"key": "engine",
			"value": "Autodesk.Fusion+Latest",
			"type": "default",
			"enabled": true
		},
		{
			"key": "activityName",
			"value": "CreateNutActivity",
			"type": "default",
			"enabled": true
		},
		{
			"key": "personalAccessToken",
			"value": "",
			"type": "default",
			"enabled": true
		},
		{
			"key": "bucketURL",
			"value": "https://developer.api.autodesk.com/oss/v2/buckets",
			"type": "default",
			"enabled": true
		}
	],
	"_postman_variable_scope": "environment",
	"_postman_exported_at": "2025-02-13T14:39:23.472Z",
	"_postman_exported_using": "Postman/11.31.2"
}