{
	"info": {
		"_postman_id": "8353d670-74bc-45cb-b1ef-07379d92cf25",
		"name": "Execute a Fusion Script",
		"schema": "https://schema.getpostman.com/json/collection/v2.1.0/collection.json",
		"_exporter_id": "30805593"
	},
	"item": [
		{
			"name": "Task 1 - Obtain an Access Token",
			"item": [
				{
					"name": "Get an Access Token",
					"event": [
						{
							"listen": "prerequest",
							"script": {
								"exec": [
									"const clientId =  pm.environment.get(\"client_id\");",
									"const clientSecret =  pm.environment.get(\"client_secret\");",
									"var clientAuthKeys =  btoa(clientId +\":\"+clientSecret);",
									"pm.collectionVariables.set(\"client_auth_keys\", clientAuthKeys);"
								],
								"type": "text/javascript",
								"packages": {}
							}
						},
						{
							"listen": "test",
							"script": {
								"exec": [
									"var body = JSON.parse(responseBody);",
									"pm.collectionVariables.set(\"dasApiToken\", body.access_token);"
								],
								"type": "text/javascript",
								"packages": {}
							}
						}
					],
					"request": {
						"method": "POST",
						"header": [
							{
								"key": "Content-Type",
								"value": "application/x-www-form-urlencoded",
								"type": "text"
							},
							{
								"key": "Accept",
								"value": "application/json",
								"type": "text"
							},
							{
								"key": "Authorization",
								"value": "Basic {{client_auth_keys}}",
								"type": "text"
							}
						],
						"body": {
							"mode": "urlencoded",
							"urlencoded": [
								{
									"key": "grant_type",
									"value": "client_credentials",
									"type": "text"
								},
								{
									"key": "scope",
									"value": "code:all data:write data:read bucket:create bucket:delete bucket:read",
									"type": "text"
								}
							]
						},
						"url": {
							"raw": "{{daAuthTokenUrl}}",
							"host": [
								"{{daAuthTokenUrl}}"
							]
						}
					},
					"response": []
				}
			]
		},
		{
			"name": "Task 2 - Create a Nickname",
			"item": [
				{
					"name": "Create Nickname",
					"request": {
						"auth": {
							"type": "noauth"
						},
						"method": "PATCH",
						"header": [
							{
								"key": "Authorization",
								"value": "Bearer {{dasApiToken}}",
								"type": "text"
							},
							{
								"key": "Content-Type",
								"value": "application/json",
								"type": "text"
							}
						],
						"body": {
							"mode": "raw",
							"raw": "{\n\t\"nickname\": \"{{dasNickName}}\"\n}"
						},
						"url": {
							"raw": "{{daApiRoot}}/forgeapps/me",
							"host": [
								"{{daApiRoot}}"
							],
							"path": [
								"forgeapps",
								"me"
							]
						},
						"description": "[See documentation](https://aps.autodesk.com/en/docs/design-automation/v3/reference/http/forgeapps-id-PATCH/)"
					},
					"response": []
				}
			],
			"event": [
				{
					"listen": "prerequest",
					"script": {
						"type": "text/javascript",
						"exec": [
							""
						]
					}
				},
				{
					"listen": "test",
					"script": {
						"type": "text/javascript",
						"exec": [
							""
						]
					}
				}
			]
		},
		{
			"name": "Task 3 - Upload AppBundle",
			"item": [
				{
					"name": "Register the AppBundle",
					"event": [
						{
							"listen": "test",
							"script": {
								"exec": [
									"var body = JSON.parse(responseBody);",
									"pm.collectionVariables.set(\"dasAppBundleId\",body[\"id\"]);",
									"pm.collectionVariables.set(\"CreateNutAppBundleUrl\", body[\"uploadParameters\"][\"endpointURL\"]);",
									"pm.collectionVariables.set(\"CreateNutAppBundleVersion\", body[\"version\"]);",
									"pm.collectionVariables.set(\"CreateNutAppBundleFormDataKey\", body[\"uploadParameters\"][\"formData\"][\"key\"]);",
									"pm.collectionVariables.set(\"CreateNutAppBundleFormDataPolicy\", body[\"uploadParameters\"][\"formData\"][\"policy\"]);",
									"pm.collectionVariables.set(\"CreateNutAppBundleFormDataSignature\", body[\"uploadParameters\"][\"formData\"][\"x-amz-signature\"]);",
									"pm.collectionVariables.set(\"CreateNutAppBundleFormDataCredential\", body[\"uploadParameters\"][\"formData\"][\"x-amz-credential\"]);",
									"pm.collectionVariables.set(\"CreateNutAppBundleFormDataDate\", body[\"uploadParameters\"][\"formData\"][\"x-amz-date\"]);",
									"pm.collectionVariables.set(\"CreateNutAppBundleFormDataToken\", body[\"uploadParameters\"][\"formData\"][\"x-amz-security-token\"]);",
									"pm.collectionVariables.set(\"CreateNutAppBundleFormRedirect\", body[\"uploadParameters\"][\"formData\"][\"success_action_redirect\"]);"
								],
								"type": "text/javascript",
								"packages": {}
							}
						}
					],
					"request": {
						"method": "POST",
						"header": [
							{
								"key": "Authorization",
								"value": "Bearer {{dasApiToken}}",
								"type": "text"
							},
							{
								"key": "Content-Type",
								"value": "application/json",
								"type": "text"
							}
						],
						"body": {
							"mode": "raw",
							"raw": "{\n  \"id\": \"{{appBundleName}}\",\n  \"engine\": \"{{engine}}\",\n  \"description\": \"MyFirstFusionAppBundle based on Fusion 2024\"\n}"
						},
						"url": {
							"raw": "{{daApiRoot}}/appbundles",
							"host": [
								"{{daApiRoot}}"
							],
							"path": [
								"appbundles"
							]
						},
						"description": "[See documentation](https://aps.autodesk.com/en/docs/design-automation/v3/reference/http/appbundles-POST/)"
					},
					"response": []
				},
				{
					"name": "Upload the AppBundle",
					"event": [
						{
							"listen": "prerequest",
							"script": {
								"exec": [
									""
								],
								"type": "text/javascript",
								"packages": {}
							}
						},
						{
							"listen": "test",
							"script": {
								"exec": [
									""
								],
								"type": "text/javascript",
								"packages": {}
							}
						}
					],
					"request": {
						"method": "POST",
						"header": [],
						"body": {
							"mode": "formdata",
							"formdata": [
								{
									"key": "key",
									"value": "{{MyFirstFusionAppBundleFormDataKey}}",
									"type": "text"
								},
								{
									"key": "content-type",
									"value": "application/octet-stream",
									"type": "text"
								},
								{
									"key": "policy",
									"value": "{{MyFirstFusionAppBundleFormDataPolicy}}",
									"type": "text"
								},
								{
									"key": "success_action_status",
									"value": "200",
									"type": "text"
								},
								{
									"key": "x-amz-signature",
									"value": "{{MyFirstFusionAppBundleFormDataSignature}}",
									"type": "text"
								},
								{
									"key": "x-amz-credential",
									"value": "{{MyFirstFusionAppBundleFormDataCredential}}",
									"type": "text"
								},
								{
									"key": "x-amz-algorithm",
									"value": "AWS4-HMAC-SHA256",
									"type": "text"
								},
								{
									"key": "x-amz-date",
									"value": "{{MyFirstFusionAppBundleFormDataDate}}",
									"type": "text"
								},
								{
									"key": "x-amz-server-side-encryption",
									"value": "AES256",
									"type": "text"
								},
								{
									"key": "x-amz-security-token",
									"value": "{{MyFirstFusionAppBundleFormDataToken}}",
									"type": "text"
								},
								{
									"key": "success_action_redirect",
									"value": "{{MyFirstFusionAppBundleFormRedirect}}",
									"type": "text"
								},
								{
									"key": "file",
									"type": "file",
									"src": "/D:/repositories/fas-playground/public/fas-docu/helloFusion.zip"
								}
							]
						},
						"url": {
							"raw": "{{CreateNutAppBundleUrl}}",
							"host": [
								"{{CreateNutAppBundleUrl}}"
							]
						},
						"description": "This request to the Design Automation API uploads an AppBundle to APS.\n\n&nbsp;\n\nBefore you send this request: \n\n  1. Download the file *samplePlugin.bundle.zip* from the [*tutorial_data* folder of the repository that contained this Postman Collection](https://fas-playground.fas-p-ue1.cloudos.autodesk.com/fas-docu/helloFusion.zi).\n  2. Go to the **Body** tab below.\n  3. Scroll down so that the **File** row is visible.\n  4. Click **Select** and pick *helloFusion.zip*, which you downloaded in step 1."
					},
					"response": []
				},
				{
					"name": "Create an Alias for the AppBundle",
					"event": [
						{
							"listen": "test",
							"script": {
								"exec": [
									"var body = JSON.parse(responseBody);",
									"pm.collectionVariables.set(\"dasAppBundleAlias\", body[\"id\"]);"
								],
								"type": "text/javascript",
								"packages": {}
							}
						}
					],
					"request": {
						"method": "POST",
						"header": [
							{
								"key": "",
								"value": "",
								"disabled": true
							},
							{
								"key": "Authorization",
								"value": "Bearer {{dasApiToken}}"
							},
							{
								"key": "Content-Type",
								"value": "application/json"
							}
						],
						"body": {
							"mode": "raw",
							"raw": "{\r\n  \"version\": {{CreateNutAppBundleVersion}},\r\n  \"id\": \"my_working_version\"\r\n}"
						},
						"url": {
							"raw": "{{daApiRoot}}/appbundles/{{appBundleName}}/aliases",
							"host": [
								"{{daApiRoot}}"
							],
							"path": [
								"appbundles",
								"{{appBundleName}}",
								"aliases"
							]
						},
						"description": "[See documentation](https://aps.autodesk.com/en/docs/design-automation/v3/reference/http/appbundles-id-aliases-POST/)"
					},
					"response": []
				}
			],
			"event": [
				{
					"listen": "prerequest",
					"script": {
						"type": "text/javascript",
						"exec": [
							""
						]
					}
				},
				{
					"listen": "test",
					"script": {
						"type": "text/javascript",
						"exec": [
							""
						]
					}
				}
			]
		},
		{
			"name": "Task 4 - Publish an Activity",
			"item": [
				{
					"name": "Create a New Activity",
					"event": [
						{
							"listen": "test",
							"script": {
								"exec": [
									"var body = JSON.parse(responseBody);",
									"pm.collectionVariables.set(\"dasActivityName\",body[\"id\"]);",
									"pm.collectionVariables.set(\"dasActivityVersion\", body[\"version\"]);"
								],
								"type": "text/javascript",
								"packages": {}
							}
						}
					],
					"request": {
						"method": "POST",
						"header": [
							{
								"key": "Content-Type",
								"value": "application/json"
							},
							{
								"key": "Authorization",
								"value": "Bearer {{dasApiToken}}"
							}
						],
						"body": {
							"mode": "raw",
							"raw": "{\n    \"id\": \"{{activityName}}\", \n    \"engine\": \"{{engine}}\",\n    \"commandline\": [],\n    \"parameters\": {\n          \"TaskParameters\": {\n            \"verb\": \"read\",\n            \"description\": \"the parameters for the script\",\n            \"required\": false\n          },\n          \"PersonalAccessToken\": {\n            \"verb\": \"read\",\n            \"description\": \"the personal access token to use\",\n            \"required\": true\n          }\n    }, \n    \"appbundles\": [ \n    \"{{dasAppBundleId}}+my_working_version\" \n    ], \n    \"settings\": {}, \n    \"description\": \"\" \n}"
						},
						"url": {
							"raw": "{{daApiRoot}}/activities",
							"host": [
								"{{daApiRoot}}"
							],
							"path": [
								"activities"
							]
						},
						"description": "[See documentation](https://aps.autodesk.com/en/docs/design-automation/v3/reference/http/activities-POST/)"
					},
					"response": []
				},
				{
					"name": "Create an Alias for the Activity",
					"event": [
						{
							"listen": "test",
							"script": {
								"exec": [
									"var body = JSON.parse(responseBody);",
									"pm.collectionVariables.set(\"dasActivityAlias\", body[\"id\"]);"
								],
								"type": "text/javascript",
								"packages": {}
							}
						}
					],
					"request": {
						"method": "POST",
						"header": [
							{
								"key": "Content-Type",
								"value": "application/json"
							},
							{
								"key": "Authorization",
								"value": "Bearer {{dasApiToken}} "
							}
						],
						"body": {
							"mode": "raw",
							"raw": "{\r\n    \"id\": \"my_current_version\",\r\n    \"version\": {{dasActivityVersion}}\r\n}"
						},
						"url": {
							"raw": "{{daApiRoot}}/activities/{{activityName}}/aliases",
							"host": [
								"{{daApiRoot}}"
							],
							"path": [
								"activities",
								"{{activityName}}",
								"aliases"
							]
						},
						"description": "[See documentation](https://aps.autodesk.com/en/docs/design-automation/v3/reference/http/appbundles-id-aliases-POST/)"
					},
					"response": []
				}
			]
		},
		{
			"name": "Task 5 - Submit a WorkItem",
			"item": [
				{
					"name": "Create a WorkItem",
					"event": [
						{
							"listen": "test",
							"script": {
								"exec": [
									"var body = JSON.parse(responseBody);",
									"pm.collectionVariables.set(\"dasWorkItemId\", body[\"id\"]);"
								],
								"type": "text/javascript",
								"packages": {}
							}
						},
						{
							"listen": "prerequest",
							"script": {
								"exec": [
									""
								],
								"type": "text/javascript",
								"packages": {}
							}
						}
					],
					"request": {
						"method": "POST",
						"header": [
							{
								"key": "Content-Type",
								"value": "application/json"
							},
							{
								"key": "Authorization",
								"value": "Bearer {{dasApiToken}}"
							}
						],
						"body": {
							"mode": "raw",
							"raw": "{\n   \"activityId\":\"{{dasActivityName}}+my_current_version\",\n    \"arguments\": {\n        \"PersonalAccessToken\": \"{{personalAccessToken}}\"\n    }\n}"
						},
						"url": {
							"raw": "{{daApiRoot}}/workitems",
							"host": [
								"{{daApiRoot}}"
							],
							"path": [
								"workitems"
							]
						},
						"description": "[See documentation](https://aps.autodesk.com/en/docs/design-automation/v3/reference/http/workitems-POST/)"
					},
					"response": []
				},
				{
					"name": "Check Status of the WorkItem",
					"request": {
						"method": "GET",
						"header": [
							{
								"key": "Content-Type",
								"value": "application/json"
							},
							{
								"key": "Authorization",
								"value": "Bearer {{dasApiToken}}"
							}
						],
						"url": {
							"raw": "{{daApiRoot}}/workitems/{{dasWorkItemId}}",
							"host": [
								"{{daApiRoot}}"
							],
							"path": [
								"workitems",
								"{{dasWorkItemId}}"
							]
						},
						"description": "[See documentation](https://aps.autodesk.com/en/docs/design-automation/v3/reference/http/workitems-id-GET/)"
					},
					"response": []
				}
			],
			"event": [
				{
					"listen": "prerequest",
					"script": {
						"type": "text/javascript",
						"exec": [
							""
						]
					}
				},
				{
					"listen": "test",
					"script": {
						"type": "text/javascript",
						"exec": [
							""
						]
					}
				}
			]
		},
		{
			"name": "Extras",
			"item": [
				{
					"name": "Update AppBundle",
					"item": [
						{
							"name": "Register New AppBundle Version",
							"event": [
								{
									"listen": "test",
									"script": {
										"exec": [
											"var body = JSON.parse(responseBody);",
											"pm.collectionVariables.set(\"dasAppBundleId\",body[\"id\"]);",
											"pm.collectionVariables.set(\"MyFirstFusionAppBundleUrl\", body[\"uploadParameters\"][\"endpointURL\"]);",
											"pm.collectionVariables.set(\"MyFirstFusionAppBundleVersion\", body[\"version\"]);",
											"pm.collectionVariables.set(\"MyFirstFusionAppBundleFormDataKey\", body[\"uploadParameters\"][\"formData\"][\"key\"]);",
											"pm.collectionVariables.set(\"MyFirstFusionAppBundleFormDataPolicy\", body[\"uploadParameters\"][\"formData\"][\"policy\"]);",
											"pm.collectionVariables.set(\"MyFirstFusionAppBundleFormDataSignature\", body[\"uploadParameters\"][\"formData\"][\"x-amz-signature\"]);",
											"pm.collectionVariables.set(\"MyFirstFusionAppBundleFormDataCredential\", body[\"uploadParameters\"][\"formData\"][\"x-amz-credential\"]);",
											"pm.collectionVariables.set(\"MyFirstFusionAppBundleFormDataDate\", body[\"uploadParameters\"][\"formData\"][\"x-amz-date\"]);",
											"pm.collectionVariables.set(\"MyFirstFusionAppBundleFormDataToken\", body[\"uploadParameters\"][\"formData\"][\"x-amz-security-token\"]);",
											"pm.collectionVariables.set(\"MyFirstFusionAppBundleFormRedirect\", body[\"uploadParameters\"][\"formData\"][\"success_action_redirect\"]);"
										],
										"type": "text/javascript",
										"packages": {}
									}
								}
							],
							"request": {
								"method": "POST",
								"header": [
									{
										"key": "Authorization",
										"value": "Bearer {{dasApiToken}}",
										"type": "text"
									},
									{
										"key": "Content-Type",
										"value": "application/json",
										"type": "text"
									}
								],
								"body": {
									"mode": "raw",
									"raw": "{\n  \"engine\": \"{{engine}}\",\n  \"description\": \"MyFirstFusionAppBundle based on Fusion 2024\"\n}"
								},
								"url": {
									"raw": "{{daApiRoot}}/appbundles/{{appBundleName}}/versions",
									"host": [
										"{{daApiRoot}}"
									],
									"path": [
										"appbundles",
										"{{appBundleName}}",
										"versions"
									]
								},
								"description": "[See documentation](https://aps.autodesk.com/en/docs/design-automation/v3/reference/http/appbundles-POST/)"
							},
							"response": []
						},
						{
							"name": "Upload New Appbundle",
							"event": [
								{
									"listen": "prerequest",
									"script": {
										"exec": [
											""
										],
										"type": "text/javascript"
									}
								},
								{
									"listen": "test",
									"script": {
										"exec": [
											""
										],
										"type": "text/javascript"
									}
								}
							],
							"request": {
								"method": "POST",
								"header": [],
								"body": {
									"mode": "formdata",
									"formdata": [
										{
											"key": "key",
											"value": "{{MyFirstFusionAppBundleFormDataKey}}",
											"type": "text"
										},
										{
											"key": "content-type",
											"value": "application/octet-stream",
											"type": "text"
										},
										{
											"key": "policy",
											"value": "{{MyFirstFusionAppBundleFormDataPolicy}}",
											"type": "text"
										},
										{
											"key": "success_action_status",
											"value": "200",
											"type": "text"
										},
										{
											"key": "x-amz-signature",
											"value": "{{MyFirstFusionAppBundleFormDataSignature}}",
											"type": "text"
										},
										{
											"key": "x-amz-credential",
											"value": "{{MyFirstFusionAppBundleFormDataCredential}}",
											"type": "text"
										},
										{
											"key": "x-amz-algorithm",
											"value": "AWS4-HMAC-SHA256",
											"type": "text"
										},
										{
											"key": "x-amz-date",
											"value": "{{MyFirstFusionAppBundleFormDataDate}}",
											"type": "text"
										},
										{
											"key": "x-amz-server-side-encryption",
											"value": "AES256",
											"type": "text"
										},
										{
											"key": "x-amz-security-token",
											"value": "{{MyFirstFusionAppBundleFormDataToken}}",
											"type": "text"
										},
										{
											"key": "success_action_redirect",
											"value": "{{MyFirstFusionAppBundleFormRedirect}}",
											"type": "text"
										},
										{
											"key": "file",
											"type": "file",
											"src": []
										}
									]
								},
								"url": {
									"raw": "{{MyFirstFusionAppBundleUrl}}",
									"host": [
										"{{MyFirstFusionAppBundleUrl}}"
									]
								},
								"description": "This request to the Design Automation API uploads an AppBundle to APS.\n\n&nbsp;\n\nBefore you send this request: \n\n  1. Download the file *samplePlugin.bundle.zip* from the [*tutorial_data* folder of the repository that contained this Postman Collection](https://fas-playground.fas-p-ue1.cloudos.autodesk.com/fas-docu/helloFusion.zi).\n  2. Go to the **Body** tab below.\n  3. Scroll down so that the **File** row is visible.\n  4. Click **Select** and pick *helloFusion.zip*, which you downloaded in step 1."
							},
							"response": []
						},
						{
							"name": "Patch Appbundle Alias",
							"request": {
								"auth": {
									"type": "bearer",
									"bearer": [
										{
											"key": "token",
											"value": "{{dasApiToken}}",
											"type": "string"
										}
									]
								},
								"method": "PATCH",
								"header": [],
								"body": {
									"mode": "raw",
									"raw": "{\r\n        \"version\": {{MyFirstFusionAppBundleVersion}}\r\n}",
									"options": {
										"raw": {
											"language": "json"
										}
									}
								},
								"url": {
									"raw": "{{daApiRoot}}/appbundles/{{appBundleName}}/aliases/my_working_version",
									"host": [
										"{{daApiRoot}}"
									],
									"path": [
										"appbundles",
										"{{appBundleName}}",
										"aliases",
										"my_working_version"
									]
								}
							},
							"response": []
						}
					]
				},
				{
					"name": "Update Activity",
					"item": [
						{
							"name": "Patch Activity",
							"event": [
								{
									"listen": "test",
									"script": {
										"exec": [
											"var body = JSON.parse(responseBody);",
											"pm.collectionVariables.set(\"dasActivityName\",body[\"id\"]);",
											"pm.collectionVariables.set(\"dasActivityVersion\", body[\"version\"]);"
										],
										"type": "text/javascript",
										"packages": {}
									}
								}
							],
							"request": {
								"method": "POST",
								"header": [
									{
										"key": "Content-Type",
										"value": "application/json"
									},
									{
										"key": "Authorization",
										"value": "Bearer {{dasApiToken}}"
									}
								],
								"body": {
									"mode": "raw",
									"raw": "{\n    \"engine\": \"{{engine}}\",\n    \"commandline\": [],\n    \"parameters\": {\n          \"TaskParameters\": {\n            \"verb\": \"read\",\n            \"description\": \"the parameters for the script\",\n            \"required\": false\n          },\n          \"PersonalAccessToken\": {\n            \"verb\": \"read\",\n            \"description\": \"the personal access token to use\",\n            \"required\": true\n          }\n    }, \n    \"appbundles\": [ \n    \"{{dasAppBundleId}}+my_working_version\" \n    ], \n    \"settings\": {}, \n    \"description\": \"\" \n}"
								},
								"url": {
									"raw": "{{daApiRoot}}/activities/{{activityName}}/versions",
									"host": [
										"{{daApiRoot}}"
									],
									"path": [
										"activities",
										"{{activityName}}",
										"versions"
									]
								},
								"description": "[See documentation](https://aps.autodesk.com/en/docs/design-automation/v3/reference/http/activities-POST/)"
							},
							"response": []
						},
						{
							"name": "Update Activity alias",
							"request": {
								"auth": {
									"type": "bearer",
									"bearer": [
										{
											"key": "token",
											"value": "{{dasApiToken}}",
											"type": "string"
										}
									]
								},
								"method": "PATCH",
								"header": [],
								"body": {
									"mode": "raw",
									"raw": "{\r\n    \"version\": {{dasActivityVersion}}\r\n}",
									"options": {
										"raw": {
											"language": "json"
										}
									}
								},
								"url": {
									"raw": "{{daApiRoot}}/activities/{{activityName}}/aliases/my_current_version",
									"host": [
										"{{daApiRoot}}"
									],
									"path": [
										"activities",
										"{{activityName}}",
										"aliases",
										"my_current_version"
									]
								}
							},
							"response": []
						}
					]
				},
				{
					"name": "My App Nickname",
					"request": {
						"method": "GET",
						"header": [
							{
								"key": "Authorization",
								"value": "Bearer {{dasApiToken}}",
								"type": "text"
							}
						],
						"url": {
							"raw": "{{daApiRoot}}/forgeapps/me",
							"host": [
								"{{daApiRoot}}"
							],
							"path": [
								"forgeapps",
								"me"
							]
						}
					},
					"response": []
				},
				{
					"name": "Delete App Data in Design Automation",
					"request": {
						"method": "DELETE",
						"header": [
							{
								"key": "Content-Type",
								"value": "application/json"
							},
							{
								"key": "Authorization",
								"value": "Bearer {{dasApiToken}}"
							}
						],
						"body": {
							"mode": "raw",
							"raw": ""
						},
						"url": {
							"raw": "{{daApiRoot}}/forgeapps/me",
							"host": [
								"{{daApiRoot}}"
							],
							"path": [
								"forgeapps",
								"me"
							]
						},
						"description": "[See documentation](https://aps.autodesk.com/en/docs/design-automation/v3/reference/http/forgeapps-id-DELETE/)"
					},
					"response": []
				},
				{
					"name": "Delete OSS Bucket",
					"event": [
						{
							"listen": "test",
							"script": {
								"exec": [
									""
								],
								"type": "text/javascript",
								"packages": {}
							}
						}
					],
					"request": {
						"method": "DELETE",
						"header": [
							{
								"key": "Content-Type",
								"value": "application/json"
							},
							{
								"key": "Authorization",
								"value": "Bearer {{dasApiToken}}"
							}
						],
						"body": {
							"mode": "raw",
							"raw": ""
						},
						"url": {
							"raw": "{{bucketURL}}/{{ossBucketKey}}",
							"host": [
								"{{bucketURL}}"
							],
							"path": [
								"{{ossBucketKey}}"
							]
						},
						"description": "[See documentation](https://aps.autodesk.com/en/docs/data/v2/reference/http/buckets-:bucketKey-DELETE/)"
					},
					"response": []
				},
				{
					"name": "List engines",
					"protocolProfileBehavior": {
						"disableBodyPruning": true
					},
					"request": {
						"method": "GET",
						"header": [
							{
								"key": "Authorization",
								"value": "Bearer {{dasApiToken}}",
								"type": "text"
							},
							{
								"key": "Content-Type",
								"value": "application/json",
								"type": "text"
							}
						],
						"body": {
							"mode": "raw",
							"raw": "",
							"options": {
								"raw": {
									"language": "json"
								}
							}
						},
						"url": {
							"raw": "{{daApiRoot}}/engines",
							"host": [
								"{{daApiRoot}}"
							],
							"path": [
								"engines"
							]
						},
						"description": "[See documentation](https://aps.autodesk.com/en/docs/design-automation/v3/reference/http/engines-GET/)"
					},
					"response": []
				},
				{
					"name": "List Activities",
					"request": {
						"method": "GET",
						"header": [
							{
								"key": "Authorization",
								"value": "Bearer {{dasApiToken}}",
								"type": "text"
							}
						],
						"url": {
							"raw": "{{daApiRoot}}/activities",
							"host": [
								"{{daApiRoot}}"
							],
							"path": [
								"activities"
							]
						},
						"description": "[See documentation](https://aps.autodesk.com/en/docs/design-automation/v3/reference/http/activities-GET/)"
					},
					"response": []
				},
				{
					"name": "List objects in a Bucket",
					"request": {
						"method": "GET",
						"header": [
							{
								"key": "Authorization",
								"value": "Bearer {{dasApiToken}}",
								"type": "text"
							}
						],
						"url": {
							"raw": "{{bucketURL}}/{{ossBucketKey}}/objects",
							"host": [
								"{{bucketURL}}"
							],
							"path": [
								"{{ossBucketKey}}",
								"objects"
							]
						},
						"description": "[See documentation](https://aps.autodesk.com/en/docs/data/v2/reference/http/buckets-:bucketKey-objects-GET/)"
					},
					"response": []
				},
				{
					"name": "List Buckets",
					"request": {
						"method": "GET",
						"header": [
							{
								"key": "Authorization",
								"value": "Bearer {{dasApiToken}}",
								"type": "text"
							}
						],
						"url": {
							"raw": "{{bucketURL}}",
							"host": [
								"{{bucketURL}}"
							]
						},
						"description": "[See documentation](https://aps.autodesk.com/en/docs/data/v2/reference/http/buckets-GET/)"
					},
					"response": []
				},
				{
					"name": "Get Bucket Details",
					"request": {
						"method": "GET",
						"header": [
							{
								"key": "Authorization",
								"value": "Bearer {{dasApiToken}}",
								"type": "text"
							}
						],
						"url": {
							"raw": "{{bucketURL}}/{{ossBucketKey}}/details",
							"host": [
								"{{bucketURL}}"
							],
							"path": [
								"{{ossBucketKey}}",
								"details"
							]
						},
						"description": "[See documentation](https://aps.autodesk.com/en/docs/data/v2/reference/http/buckets-:bucketKey-details-GET/)"
					},
					"response": []
				},
				{
					"name": "Get AppBundles",
					"request": {
						"auth": {
							"type": "bearer",
							"bearer": [
								{
									"key": "token",
									"value": "{{dasApiToken}}",
									"type": "string"
								}
							]
						},
						"method": "GET",
						"header": [],
						"url": {
							"raw": "{{daApiRoot}}/appbundles",
							"host": [
								"{{daApiRoot}}"
							],
							"path": [
								"appbundles"
							]
						}
					},
					"response": []
				},
				{
					"name": "Delete Appbundle",
					"request": {
						"auth": {
							"type": "bearer",
							"bearer": [
								{
									"key": "token",
									"value": "{{dasApiToken}}",
									"type": "string"
								}
							]
						},
						"method": "DELETE",
						"header": [],
						"url": {
							"raw": "{{daApiRoot}}/appbundles/$AppbundleName",
							"host": [
								"{{daApiRoot}}"
							],
							"path": [
								"appbundles",
								"$AppbundleName"
							]
						}
					},
					"response": []
				}
			],
			"event": [
				{
					"listen": "prerequest",
					"script": {
						"type": "text/javascript",
						"exec": [
							""
						]
					}
				},
				{
					"listen": "test",
					"script": {
						"type": "text/javascript",
						"exec": [
							""
						]
					}
				}
			]
		}
	],
	"variable": [
		{
			"key": "client_auth_keys",
			"value": ""
		},
		{
			"key": "dasApiToken",
			"value": ""
		},
		{
			"key": "dasAppBundleId",
			"value": ""
		},
		{
			"key": "MyFirstFusionAppBundleUrl",
			"value": ""
		},
		{
			"key": "MyFirstFusionAppBundleVersion",
			"value": ""
		},
		{
			"key": "MyFirstFusionAppBundleFormDataKey",
			"value": ""
		},
		{
			"key": "MyFirstFusionAppBundleFormDataPolicy",
			"value": ""
		},
		{
			"key": "MyFirstFusionAppBundleFormDataSignature",
			"value": ""
		},
		{
			"key": "MyFirstFusionAppBundleFormDataCredential",
			"value": ""
		},
		{
			"key": "MyFirstFusionAppBundleFormDataDate",
			"value": ""
		},
		{
			"key": "MyFirstFusionAppBundleFormDataToken",
			"value": ""
		},
		{
			"key": "MyFirstFusionAppBundleFormRedirect",
			"value": ""
		},
		{
			"key": "dasAppBundleAlias",
			"value": ""
		},
		{
			"key": "dasActivityName",
			"value": ""
		},
		{
			"key": "dasActivityAlias",
			"value": ""
		},
		{
			"key": "UploadKey",
			"value": ""
		},
		{
			"key": "ContentUploadSignedURL",
			"value": ""
		},
		{
			"key": "ossInputFileObjectId",
			"value": ""
		},
		{
			"key": "dasWorkItemId",
			"value": ""
		},
		{
			"key": "dasActivityVersion",
			"value": ""
		}
	]
}